customer_id,consent_given,consent_timestamp,data_shared_crossborder,has_safeguards,data_breach_reported,breach_report_days,criticality_score,violation_consent_missing,violation_crossborder_unsafe,violation_breach_late,total_violations
CUST0000,True,2023-01-01 00:00:00,True,True,False,41,0.63,False,False,False,0
CUST0001,False,2023-01-01 01:00:00,False,True,False,20,0.38,True,False,False,1
CUST0002,True,2023-01-01 02:00:00,False,False,False,36,0.66,False,False,False,0
CUST0003,True,2023-01-01 03:00:00,False,True,False,26,0.83,False,False,False,0
CUST0004,True,2023-01-01 04:00:00,False,True,False,54,0.65,False,False,False,0
CUST0005,True,2023-01-01 05:00:00,False,False,False,51,0.37,False,False,False,0
CUST0006,True,2023-01-01 06:00:00,False,True,False,28,0.33,False,False,False,0
CUST0007,False,2023-01-01 07:00:00,False,False,True,19,0.39,True,False,True,2
CUST0008,True,2023-01-01 08:00:00,False,True,False,24,0.25,False,False,False,0
CUST0009,True,2023-01-01 09:00:00,False,True,True,5,0.26,False,False,True,1
CUST0010,True,2023-01-01 10:00:00,False,True,False,35,0.81,False,False,False,0
CUST0011,False,2023-01-01 11:00:00,False,True,False,1,0.45,True,False,False,1
CUST0012,True,2023-01-01 12:00:00,False,False,False,21,0.49,False,False,False,0
CUST0013,True,2023-01-01 13:00:00,True,True,False,31,0.63,False,False,False,0
CUST0014,True,2023-01-01 14:00:00,False,False,False,15,0.63,False,False,False,0
CUST0015,True,2023-01-01 15:00:00,False,True,False,17,0.16,False,False,False,0
CUST0016,True,2023-01-01 16:00:00,True,True,False,4,0.85,False,False,False,0
CUST0017,True,2023-01-01 17:00:00,False,False,False,53,0.26,False,False,False,0
CUST0018,True,2023-01-01 18:00:00,False,True,True,35,0.75,False,False,True,1
CUST0019,True,2023-01-01 19:00:00,True,False,False,29,0.8,False,True,False,1
CUST0020,True,2023-01-01 20:00:00,False,False,False,44,0.74,False,False,False,0
CUST0021,True,2023-01-01 21:00:00,False,False,False,18,0.62,False,False,False,0
CUST0022,True,2023-01-01 22:00:00,False,False,False,22,0.11,False,False,False,0
CUST0023,True,2023-01-01 23:00:00,False,True,False,33,0.42,False,False,False,0
CUST0024,True,2023-01-02 00:00:00,False,True,True,12,0.64,False,False,True,1
CUST0025,True,2023-01-02 01:00:00,False,True,False,42,0.45,False,False,False,0
CUST0026,True,2023-01-02 02:00:00,False,False,False,53,0.88,False,False,False,0
CUST0027,True,2023-01-02 03:00:00,False,False,False,28,0.38,False,False,False,0
CUST0028,True,2023-01-02 04:00:00,False,True,False,35,0.36,False,False,False,0
CUST0029,True,2023-01-02 05:00:00,False,False,False,21,0.34,False,False,False,0
CUST0030,True,2023-01-02 06:00:00,True,True,False,51,0.4,False,False,False,0
CUST0031,True,2023-01-02 07:00:00,False,False,False,51,0.6,False,False,False,0
CUST0032,True,2023-01-02 08:00:00,False,True,False,46,0.74,False,False,False,0
CUST0033,False,2023-01-02 09:00:00,True,False,False,35,0.7,True,True,False,2
CUST0034,False,2023-01-02 10:00:00,True,False,False,8,0.83,True,True,False,2
CUST0035,True,2023-01-02 11:00:00,False,True,False,38,0.9,False,False,False,0
CUST0036,True,2023-01-02 12:00:00,False,True,False,50,0.83,False,False,False,0
CUST0037,True,2023-01-02 13:00:00,False,True,False,18,0.12,False,False,False,0
CUST0038,True,2023-01-02 14:00:00,True,True,True,37,0.76,False,False,True,1
CUST0039,True,2023-01-02 15:00:00,False,True,False,5,0.29,False,False,False,0
CUST0040,True,2023-01-02 16:00:00,False,False,False,51,0.22,False,False,False,0
CUST0041,True,2023-01-02 17:00:00,False,False,False,46,0.67,False,False,False,0
CUST0042,True,2023-01-02 18:00:00,False,False,False,14,0.39,False,False,False,0
CUST0043,False,2023-01-02 19:00:00,False,True,False,56,0.15,True,False,False,1
CUST0044,True,2023-01-02 20:00:00,False,False,False,19,0.22,False,False,False,0
CUST0045,True,2023-01-02 21:00:00,False,False,False,8,0.1,False,False,False,0
CUST0046,True,2023-01-02 22:00:00,False,True,False,31,0.91,False,False,False,0
CUST0047,True,2023-01-02 23:00:00,True,False,False,3,0.12,False,True,False,1
CUST0048,True,2023-01-03 00:00:00,False,False,False,49,0.29,False,False,False,0
CUST0049,True,2023-01-03 01:00:00,True,True,False,17,0.47,False,False,False,0
CUST0050,False,2023-01-03 02:00:00,False,True,False,4,0.42,True,False,False,1
CUST0051,True,2023-01-03 03:00:00,False,True,False,19,0.92,False,False,False,0
CUST0052,False,2023-01-03 04:00:00,False,True,False,22,0.14,True,False,False,1
CUST0053,False,2023-01-03 05:00:00,False,False,False,10,0.56,True,False,False,1
CUST0054,True,2023-01-03 06:00:00,False,False,False,36,0.71,False,False,False,0
CUST0055,False,2023-01-03 07:00:00,False,False,False,21,0.94,True,False,False,1
CUST0056,True,2023-01-03 08:00:00,False,True,False,57,0.66,False,False,False,0
CUST0057,True,2023-01-03 09:00:00,False,True,True,3,0.82,False,False,False,0
CUST0058,True,2023-01-03 10:00:00,False,False,True,28,0.18,False,False,True,1
CUST0059,True,2023-01-03 11:00:00,False,False,False,43,0.45,False,False,False,0
CUST0060,True,2023-01-03 12:00:00,False,True,False,33,0.44,False,False,False,0
CUST0061,True,2023-01-03 13:00:00,False,False,True,12,0.9,False,False,True,1
CUST0062,True,2023-01-03 14:00:00,False,False,False,41,0.24,False,False,False,0
CUST0063,True,2023-01-03 15:00:00,False,True,False,8,0.24,False,False,False,0
CUST0064,True,2023-01-03 16:00:00,False,True,False,41,0.4,False,False,False,0
CUST0065,True,2023-01-03 17:00:00,False,False,False,30,0.15,False,False,False,0
CUST0066,True,2023-01-03 18:00:00,False,True,True,6,0.26,False,False,True,1
CUST0067,True,2023-01-03 19:00:00,True,True,False,3,0.97,False,False,False,0
CUST0068,True,2023-01-03 20:00:00,False,True,False,18,0.49,False,False,False,0
CUST0069,False,2023-01-03 21:00:00,False,True,False,41,0.67,True,False,False,1
CUST0070,True,2023-01-03 22:00:00,False,False,False,29,0.75,False,False,False,0
CUST0071,True,2023-01-03 23:00:00,False,False,False,30,0.43,False,False,False,0
CUST0072,True,2023-01-04 00:00:00,True,True,False,34,0.23,False,False,False,0
CUST0073,True,2023-01-04 01:00:00,True,False,False,56,0.29,False,True,False,1
CUST0074,True,2023-01-04 02:00:00,False,False,False,20,0.38,False,False,False,0
CUST0075,True,2023-01-04 03:00:00,False,False,False,30,0.67,False,False,False,0
CUST0076,True,2023-01-04 04:00:00,False,True,False,18,0.46,False,False,False,0
CUST0077,True,2023-01-04 05:00:00,False,True,False,30,0.11,False,False,False,0
CUST0078,True,2023-01-04 06:00:00,False,False,False,52,0.57,False,False,False,0
CUST0079,True,2023-01-04 07:00:00,False,False,False,31,0.93,False,False,False,0
CUST0080,False,2023-01-04 08:00:00,False,True,False,1,0.83,True,False,False,1
CUST0081,True,2023-01-04 09:00:00,True,True,False,58,0.84,False,False,False,0
CUST0082,True,2023-01-04 10:00:00,False,True,False,51,0.82,False,False,False,0
CUST0083,True,2023-01-04 11:00:00,False,False,False,9,0.39,False,False,False,0
CUST0084,True,2023-01-04 12:00:00,False,False,False,1,0.79,False,False,False,0
CUST0085,True,2023-01-04 13:00:00,False,True,False,1,0.23,False,False,False,0
CUST0086,True,2023-01-04 14:00:00,False,True,False,59,0.69,False,False,False,0
CUST0087,True,2023-01-04 15:00:00,True,False,True,23,0.68,False,True,True,2
CUST0088,False,2023-01-04 16:00:00,False,False,False,16,0.12,True,False,False,1
CUST0089,True,2023-01-04 17:00:00,False,True,False,31,0.81,False,False,False,0
CUST0090,True,2023-01-04 18:00:00,False,False,False,15,0.91,False,False,False,0
CUST0091,True,2023-01-04 19:00:00,False,False,False,15,0.34,False,False,False,0
CUST0092,True,2023-01-04 20:00:00,False,True,False,45,0.83,False,False,False,0
CUST0093,True,2023-01-04 21:00:00,False,False,False,38,0.17,False,False,False,0
CUST0094,True,2023-01-04 22:00:00,False,True,False,52,0.64,False,False,False,0
CUST0095,True,2023-01-04 23:00:00,True,False,False,30,0.54,False,True,False,1
CUST0096,True,2023-01-05 00:00:00,False,False,False,42,0.59,False,False,False,0
CUST0097,True,2023-01-05 01:00:00,True,False,False,23,0.93,False,True,False,1
CUST0098,True,2023-01-05 02:00:00,False,False,True,0,0.88,False,False,False,0
CUST0099,True,2023-01-05 03:00:00,False,True,False,10,0.81,False,False,False,0
CUST0100,True,2023-01-05 04:00:00,True,False,True,54,0.35,False,True,True,2
CUST0101,True,2023-01-05 05:00:00,False,False,False,20,0.92,False,False,False,0
CUST0102,True,2023-01-05 06:00:00,False,True,False,3,0.19,False,False,False,0
CUST0103,True,2023-01-05 07:00:00,False,False,False,6,0.87,False,False,False,0
CUST0104,False,2023-01-05 08:00:00,False,False,False,25,0.4,True,False,False,1
CUST0105,True,2023-01-05 09:00:00,True,True,False,46,0.15,False,False,False,0
CUST0106,True,2023-01-05 10:00:00,False,False,False,49,0.7,False,False,False,0
CUST0107,True,2023-01-05 11:00:00,False,False,True,11,0.31,False,False,True,1
CUST0108,True,2023-01-05 12:00:00,False,True,False,30,0.32,False,False,False,0
CUST0109,True,2023-01-05 13:00:00,True,False,False,16,0.38,False,True,False,1
CUST0110,True,2023-01-05 14:00:00,False,True,False,32,0.16,False,False,False,0
CUST0111,True,2023-01-05 15:00:00,False,True,False,10,0.26,False,False,False,0
CUST0112,False,2023-01-05 16:00:00,False,True,False,27,0.1,True,False,False,1
CUST0113,True,2023-01-05 17:00:00,False,False,True,31,0.5,False,False,True,1
CUST0114,True,2023-01-05 18:00:00,False,False,False,0,0.18,False,False,False,0
CUST0115,False,2023-01-05 19:00:00,False,True,False,46,0.71,True,False,False,1
CUST0116,True,2023-01-05 20:00:00,True,True,False,27,0.31,False,False,False,0
CUST0117,True,2023-01-05 21:00:00,False,False,True,52,0.95,False,False,True,1
CUST0118,False,2023-01-05 22:00:00,False,True,False,41,0.88,True,False,False,1
CUST0119,True,2023-01-05 23:00:00,True,False,False,6,0.36,False,True,False,1
CUST0120,True,2023-01-06 00:00:00,False,False,False,1,0.8,False,False,False,0
CUST0121,False,2023-01-06 01:00:00,False,False,False,41,0.82,True,False,False,1
CUST0122,True,2023-01-06 02:00:00,False,False,True,23,0.99,False,False,True,1
CUST0123,True,2023-01-06 03:00:00,False,True,False,3,0.64,False,False,False,0
CUST0124,True,2023-01-06 04:00:00,False,False,False,43,0.17,False,False,False,0
CUST0125,True,2023-01-06 05:00:00,False,False,False,18,0.68,False,False,False,0
CUST0126,True,2023-01-06 06:00:00,True,False,False,25,0.66,False,True,False,1
CUST0127,False,2023-01-06 07:00:00,False,True,True,10,0.67,True,False,True,2
CUST0128,True,2023-01-06 08:00:00,False,False,False,39,0.38,False,False,False,0
CUST0129,True,2023-01-06 09:00:00,False,True,False,49,0.87,False,False,False,0
CUST0130,True,2023-01-06 10:00:00,False,True,False,42,0.96,False,False,False,0
CUST0131,True,2023-01-06 11:00:00,False,True,False,10,0.3,False,False,False,0
CUST0132,True,2023-01-06 12:00:00,True,False,False,44,0.18,False,True,False,1
CUST0133,True,2023-01-06 13:00:00,False,False,False,2,0.28,False,False,False,0
CUST0134,False,2023-01-06 14:00:00,False,False,False,11,0.84,True,False,False,1
CUST0135,True,2023-01-06 15:00:00,True,False,False,2,0.71,False,True,False,1
CUST0136,True,2023-01-06 16:00:00,False,True,False,41,0.67,False,False,False,0
CUST0137,True,2023-01-06 17:00:00,False,False,False,26,0.46,False,False,False,0
CUST0138,True,2023-01-06 18:00:00,False,True,False,48,0.62,False,False,False,0
CUST0139,False,2023-01-06 19:00:00,False,False,True,53,0.38,True,False,True,2
CUST0140,False,2023-01-06 20:00:00,False,False,False,1,0.53,True,False,False,1
CUST0141,True,2023-01-06 21:00:00,False,False,False,48,0.81,False,False,False,0
CUST0142,True,2023-01-06 22:00:00,False,False,False,15,0.98,False,False,False,0
CUST0143,True,2023-01-06 23:00:00,False,True,False,1,0.94,False,False,False,0
CUST0144,True,2023-01-07 00:00:00,False,True,False,59,0.94,False,False,False,0
CUST0145,True,2023-01-07 01:00:00,False,False,False,53,0.46,False,False,False,0
CUST0146,True,2023-01-07 02:00:00,False,True,False,29,0.52,False,False,False,0
CUST0147,True,2023-01-07 03:00:00,False,True,False,19,0.74,False,False,False,0
CUST0148,True,2023-01-07 04:00:00,False,True,False,37,0.93,False,False,False,0
CUST0149,True,2023-01-07 05:00:00,False,False,False,27,0.23,False,False,False,0
CUST0150,False,2023-01-07 06:00:00,False,True,False,24,0.37,True,False,False,1
CUST0151,True,2023-01-07 07:00:00,False,True,False,31,0.23,False,False,False,0
CUST0152,True,2023-01-07 08:00:00,False,False,False,9,0.65,False,False,False,0
CUST0153,True,2023-01-07 09:00:00,False,False,False,59,0.38,False,False,False,0
CUST0154,False,2023-01-07 10:00:00,False,True,False,41,0.39,True,False,False,1
CUST0155,True,2023-01-07 11:00:00,False,True,False,39,0.16,False,False,False,0
CUST0156,True,2023-01-07 12:00:00,True,True,False,32,0.41,False,False,False,0
CUST0157,True,2023-01-07 13:00:00,False,True,True,12,0.88,False,False,True,1
CUST0158,True,2023-01-07 14:00:00,False,True,False,55,0.31,False,False,False,0
CUST0159,True,2023-01-07 15:00:00,True,False,False,40,0.73,False,True,False,1
CUST0160,True,2023-01-07 16:00:00,False,False,False,53,0.67,False,False,False,0
CUST0161,True,2023-01-07 17:00:00,True,False,True,41,0.88,False,True,True,2
CUST0162,True,2023-01-07 18:00:00,False,True,False,46,0.22,False,False,False,0
CUST0163,True,2023-01-07 19:00:00,False,False,False,36,0.98,False,False,False,0
CUST0164,True,2023-01-07 20:00:00,True,True,True,53,0.62,False,False,True,1
CUST0165,True,2023-01-07 21:00:00,False,False,False,15,1.0,False,False,False,0
CUST0166,True,2023-01-07 22:00:00,False,False,False,44,0.92,False,False,False,0
CUST0167,True,2023-01-07 23:00:00,False,True,False,21,0.3,False,False,False,0
CUST0168,True,2023-01-08 00:00:00,True,False,False,56,0.15,False,True,False,1
CUST0169,True,2023-01-08 01:00:00,False,True,False,19,0.33,False,False,False,0
CUST0170,True,2023-01-08 02:00:00,False,False,False,49,0.57,False,False,False,0
CUST0171,True,2023-01-08 03:00:00,False,True,False,42,0.25,False,False,False,0
CUST0172,True,2023-01-08 04:00:00,False,True,False,26,0.25,False,False,False,0
CUST0173,True,2023-01-08 05:00:00,False,False,False,40,0.52,False,False,False,0
CUST0174,True,2023-01-08 06:00:00,False,True,True,15,0.13,False,False,True,1
CUST0175,True,2023-01-08 07:00:00,False,False,False,33,0.21,False,False,False,0
CUST0176,True,2023-01-08 08:00:00,False,True,False,31,0.47,False,False,False,0
CUST0177,True,2023-01-08 09:00:00,True,False,False,25,0.16,False,True,False,1
CUST0178,False,2023-01-08 10:00:00,False,False,False,24,0.46,True,False,False,1
CUST0179,True,2023-01-08 11:00:00,False,False,False,1,0.53,False,False,False,0
CUST0180,True,2023-01-08 12:00:00,False,True,False,11,0.51,False,False,False,0
CUST0181,True,2023-01-08 13:00:00,False,True,False,39,0.88,False,False,False,0
CUST0182,False,2023-01-08 14:00:00,False,True,False,8,0.58,True,False,False,1
CUST0183,False,2023-01-08 15:00:00,False,True,False,11,0.52,True,False,False,1
CUST0184,True,2023-01-08 16:00:00,True,False,False,25,0.47,False,True,False,1
CUST0185,True,2023-01-08 17:00:00,False,False,False,8,0.84,False,False,False,0
CUST0186,True,2023-01-08 18:00:00,False,False,False,9,0.91,False,False,False,0
CUST0187,True,2023-01-08 19:00:00,True,False,False,31,0.87,False,True,False,1
CUST0188,True,2023-01-08 20:00:00,False,False,False,56,0.71,False,False,False,0
CUST0189,True,2023-01-08 21:00:00,False,False,False,33,0.22,False,False,False,0
CUST0190,True,2023-01-08 22:00:00,True,True,False,47,0.35,False,False,False,0
CUST0191,False,2023-01-08 23:00:00,False,False,False,19,0.14,True,False,False,1
CUST0192,False,2023-01-09 00:00:00,False,False,False,38,0.94,True,False,False,1
CUST0193,True,2023-01-09 01:00:00,False,False,False,59,0.69,False,False,False,0
CUST0194,True,2023-01-09 02:00:00,True,True,False,1,0.77,False,False,False,0
CUST0195,True,2023-01-09 03:00:00,False,True,False,0,0.38,False,False,False,0
CUST0196,True,2023-01-09 04:00:00,False,True,False,50,0.86,False,False,False,0
CUST0197,False,2023-01-09 05:00:00,False,False,False,59,0.33,True,False,False,1
CUST0198,False,2023-01-09 06:00:00,False,False,False,35,0.1,True,False,False,1
CUST0199,True,2023-01-09 07:00:00,True,True,False,23,0.44,False,False,False,0
CUST0200,True,2023-01-09 08:00:00,False,False,False,53,0.61,False,False,False,0
CUST0201,True,2023-01-09 09:00:00,True,True,False,26,0.53,False,False,False,0
CUST0202,True,2023-01-09 10:00:00,True,True,False,1,0.88,False,False,False,0
CUST0203,False,2023-01-09 11:00:00,False,True,False,30,0.19,True,False,False,1
CUST0204,True,2023-01-09 12:00:00,False,False,False,56,0.6,False,False,False,0
CUST0205,True,2023-01-09 13:00:00,False,False,False,13,0.56,False,False,False,0
CUST0206,True,2023-01-09 14:00:00,False,True,False,1,0.35,False,False,False,0
CUST0207,True,2023-01-09 15:00:00,False,False,False,28,0.84,False,False,False,0
CUST0208,True,2023-01-09 16:00:00,False,True,False,14,0.78,False,False,False,0
CUST0209,True,2023-01-09 17:00:00,False,False,False,11,0.76,False,False,False,0
CUST0210,True,2023-01-09 18:00:00,False,False,False,36,0.89,False,False,False,0
CUST0211,True,2023-01-09 19:00:00,False,False,False,27,0.75,False,False,False,0
CUST0212,True,2023-01-09 20:00:00,True,True,False,19,0.31,False,False,False,0
CUST0213,True,2023-01-09 21:00:00,False,False,False,38,0.74,False,False,False,0
CUST0214,True,2023-01-09 22:00:00,False,False,False,23,0.38,False,False,False,0
CUST0215,True,2023-01-09 23:00:00,False,True,False,20,0.32,False,False,False,0
CUST0216,True,2023-01-10 00:00:00,True,False,False,9,0.17,False,True,False,1
CUST0217,True,2023-01-10 01:00:00,False,True,True,45,0.77,False,False,True,1
CUST0218,True,2023-01-10 02:00:00,False,False,False,13,0.74,False,False,False,0
CUST0219,True,2023-01-10 03:00:00,False,True,False,36,0.31,False,False,False,0
CUST0220,True,2023-01-10 04:00:00,False,False,False,17,0.77,False,False,False,0
CUST0221,True,2023-01-10 05:00:00,True,False,False,23,0.93,False,True,False,1
CUST0222,True,2023-01-10 06:00:00,False,True,True,13,0.2,False,False,True,1
CUST0223,True,2023-01-10 07:00:00,False,True,True,33,0.31,False,False,True,1
CUST0224,True,2023-01-10 08:00:00,False,True,False,57,0.78,False,False,False,0
CUST0225,True,2023-01-10 09:00:00,False,True,False,11,0.35,False,False,False,0
CUST0226,False,2023-01-10 10:00:00,False,True,False,21,0.66,True,False,False,1
CUST0227,True,2023-01-10 11:00:00,False,False,False,55,0.17,False,False,False,0
CUST0228,False,2023-01-10 12:00:00,False,True,False,5,0.51,True,False,False,1
CUST0229,True,2023-01-10 13:00:00,False,True,False,35,0.77,False,False,False,0
CUST0230,True,2023-01-10 14:00:00,False,False,False,44,0.72,False,False,False,0
CUST0231,True,2023-01-10 15:00:00,False,True,False,35,0.83,False,False,False,0
CUST0232,True,2023-01-10 16:00:00,False,False,False,21,0.89,False,False,False,0
CUST0233,True,2023-01-10 17:00:00,True,False,True,13,0.8,False,True,True,2
CUST0234,True,2023-01-10 18:00:00,False,False,False,15,0.7,False,False,False,0
CUST0235,True,2023-01-10 19:00:00,False,False,False,35,0.13,False,False,False,0
CUST0236,True,2023-01-10 20:00:00,False,False,False,55,0.58,False,False,False,0
CUST0237,True,2023-01-10 21:00:00,False,True,False,24,0.13,False,False,False,0
CUST0238,True,2023-01-10 22:00:00,False,True,False,31,0.83,False,False,False,0
CUST0239,True,2023-01-10 23:00:00,True,True,False,32,0.39,False,False,False,0
CUST0240,False,2023-01-11 00:00:00,False,False,False,44,0.61,True,False,False,1
CUST0241,False,2023-01-11 01:00:00,False,True,False,35,0.35,True,False,False,1
CUST0242,False,2023-01-11 02:00:00,False,False,False,19,0.8,True,False,False,1
CUST0243,True,2023-01-11 03:00:00,False,False,False,17,0.9,False,False,False,0
CUST0244,True,2023-01-11 04:00:00,False,False,False,37,0.46,False,False,False,0
CUST0245,False,2023-01-11 05:00:00,False,False,False,2,0.88,True,False,False,1
CUST0246,True,2023-01-11 06:00:00,True,True,False,22,0.34,False,False,False,0
CUST0247,False,2023-01-11 07:00:00,True,False,False,31,0.58,True,True,False,2
CUST0248,False,2023-01-11 08:00:00,False,False,False,44,0.87,True,False,False,1
CUST0249,False,2023-01-11 09:00:00,False,True,False,58,0.39,True,False,False,1
CUST0250,True,2023-01-11 10:00:00,False,True,False,15,0.96,False,False,False,0
CUST0251,True,2023-01-11 11:00:00,False,False,False,58,0.21,False,False,False,0
CUST0252,False,2023-01-11 12:00:00,True,False,False,4,0.12,True,True,False,2
CUST0253,True,2023-01-11 13:00:00,True,False,False,3,0.91,False,True,False,1
CUST0254,True,2023-01-11 14:00:00,False,False,False,20,0.16,False,False,False,0
CUST0255,True,2023-01-11 15:00:00,False,False,False,39,0.99,False,False,False,0
CUST0256,False,2023-01-11 16:00:00,False,False,False,50,0.96,True,False,False,1
CUST0257,True,2023-01-11 17:00:00,False,True,False,13,0.22,False,False,False,0
CUST0258,True,2023-01-11 18:00:00,True,True,False,38,0.58,False,False,False,0
CUST0259,True,2023-01-11 19:00:00,False,True,False,30,0.27,False,False,False,0
CUST0260,True,2023-01-11 20:00:00,False,False,False,13,0.49,False,False,False,0
CUST0261,False,2023-01-11 21:00:00,False,False,False,5,0.16,True,False,False,1
CUST0262,True,2023-01-11 22:00:00,False,False,False,11,0.3,False,False,False,0
CUST0263,True,2023-01-11 23:00:00,False,True,True,15,0.43,False,False,True,1
CUST0264,False,2023-01-12 00:00:00,True,False,False,16,0.49,True,True,False,2
CUST0265,True,2023-01-12 01:00:00,True,False,True,44,0.98,False,True,True,2
CUST0266,True,2023-01-12 02:00:00,False,False,False,22,0.83,False,False,False,0
CUST0267,True,2023-01-12 03:00:00,False,False,False,13,0.76,False,False,False,0
CUST0268,True,2023-01-12 04:00:00,False,True,False,6,0.58,False,False,False,0
CUST0269,True,2023-01-12 05:00:00,False,False,False,45,0.86,False,False,False,0
CUST0270,True,2023-01-12 06:00:00,False,True,False,31,0.41,False,False,False,0
CUST0271,True,2023-01-12 07:00:00,False,True,True,14,0.74,False,False,True,1
CUST0272,False,2023-01-12 08:00:00,False,True,False,43,0.99,True,False,False,1
CUST0273,False,2023-01-12 09:00:00,True,False,False,16,0.38,True,True,False,2
CUST0274,True,2023-01-12 10:00:00,False,False,False,40,0.71,False,False,False,0
CUST0275,True,2023-01-12 11:00:00,True,False,False,53,0.86,False,True,False,1
CUST0276,True,2023-01-12 12:00:00,False,False,False,46,0.92,False,False,False,0
CUST0277,True,2023-01-12 13:00:00,False,False,False,43,0.75,False,False,False,0
CUST0278,True,2023-01-12 14:00:00,True,False,False,33,0.36,False,True,False,1
CUST0279,True,2023-01-12 15:00:00,False,True,False,4,0.39,False,False,False,0
CUST0280,False,2023-01-12 16:00:00,False,True,False,44,0.12,True,False,False,1
CUST0281,True,2023-01-12 17:00:00,False,True,False,26,0.78,False,False,False,0
CUST0282,True,2023-01-12 18:00:00,False,True,False,51,0.14,False,False,False,0
CUST0283,True,2023-01-12 19:00:00,True,True,False,22,0.88,False,False,False,0
CUST0284,True,2023-01-12 20:00:00,False,True,False,39,0.21,False,False,False,0
CUST0285,True,2023-01-12 21:00:00,False,True,True,58,0.25,False,False,True,1
CUST0286,True,2023-01-12 22:00:00,True,False,False,13,0.53,False,True,False,1
CUST0287,True,2023-01-12 23:00:00,False,True,False,14,0.76,False,False,False,0
CUST0288,True,2023-01-13 00:00:00,True,True,False,42,0.23,False,False,False,0
CUST0289,True,2023-01-13 01:00:00,True,True,False,32,0.5,False,False,False,0
CUST0290,True,2023-01-13 02:00:00,False,False,True,52,0.53,False,False,True,1
CUST0291,True,2023-01-13 03:00:00,True,True,False,30,0.29,False,False,False,0
CUST0292,True,2023-01-13 04:00:00,False,True,False,34,0.2,False,False,False,0
CUST0293,True,2023-01-13 05:00:00,False,False,False,16,0.85,False,False,False,0
CUST0294,True,2023-01-13 06:00:00,False,True,False,27,0.55,False,False,False,0
CUST0295,True,2023-01-13 07:00:00,False,True,True,18,0.11,False,False,True,1
CUST0296,True,2023-01-13 08:00:00,True,True,False,45,0.82,False,False,False,0
CUST0297,True,2023-01-13 09:00:00,True,True,True,53,0.98,False,False,True,1
CUST0298,True,2023-01-13 10:00:00,False,True,False,22,0.65,False,False,False,0
CUST0299,True,2023-01-13 11:00:00,False,True,False,31,0.55,False,False,False,0
CUST0300,True,2023-01-13 12:00:00,True,False,False,39,0.89,False,True,False,1
CUST0301,True,2023-01-13 13:00:00,False,False,False,12,0.96,False,False,False,0
CUST0302,True,2023-01-13 14:00:00,True,False,False,58,0.78,False,True,False,1
CUST0303,True,2023-01-13 15:00:00,False,True,False,19,0.5,False,False,False,0
CUST0304,True,2023-01-13 16:00:00,False,False,False,34,0.63,False,False,False,0
CUST0305,False,2023-01-13 17:00:00,False,True,False,4,0.73,True,False,False,1
CUST0306,True,2023-01-13 18:00:00,False,True,False,8,0.27,False,False,False,0
CUST0307,True,2023-01-13 19:00:00,False,False,True,28,0.5,False,False,True,1
CUST0308,True,2023-01-13 20:00:00,False,True,False,5,0.85,False,False,False,0
CUST0309,True,2023-01-13 21:00:00,False,True,False,24,0.69,False,False,False,0
CUST0310,True,2023-01-13 22:00:00,True,False,False,30,0.47,False,True,False,1
CUST0311,True,2023-01-13 23:00:00,False,False,False,21,0.7,False,False,False,0
CUST0312,True,2023-01-14 00:00:00,False,True,False,1,0.21,False,False,False,0
CUST0313,False,2023-01-14 01:00:00,False,False,True,44,0.46,True,False,True,2
CUST0314,True,2023-01-14 02:00:00,False,False,False,4,0.81,False,False,False,0
CUST0315,True,2023-01-14 03:00:00,False,True,False,59,0.3,False,False,False,0
CUST0316,True,2023-01-14 04:00:00,False,True,False,26,0.27,False,False,False,0
CUST0317,True,2023-01-14 05:00:00,False,True,True,24,0.96,False,False,True,1
CUST0318,True,2023-01-14 06:00:00,True,True,False,7,0.29,False,False,False,0
CUST0319,True,2023-01-14 07:00:00,True,True,False,54,0.33,False,False,False,0
CUST0320,True,2023-01-14 08:00:00,False,False,False,0,0.97,False,False,False,0
CUST0321,True,2023-01-14 09:00:00,True,False,True,19,0.76,False,True,True,2
CUST0322,True,2023-01-14 10:00:00,False,False,False,43,0.73,False,False,False,0
CUST0323,True,2023-01-14 11:00:00,False,True,False,22,0.87,False,False,False,0
CUST0324,False,2023-01-14 12:00:00,False,False,False,31,0.2,True,False,False,1
CUST0325,True,2023-01-14 13:00:00,False,False,False,10,0.74,False,False,False,0
CUST0326,True,2023-01-14 14:00:00,True,False,False,38,0.55,False,True,False,1
CUST0327,True,2023-01-14 15:00:00,False,True,False,46,0.85,False,False,False,0
CUST0328,True,2023-01-14 16:00:00,False,False,False,53,0.56,False,False,False,0
CUST0329,True,2023-01-14 17:00:00,False,True,False,23,0.66,False,False,False,0
CUST0330,True,2023-01-14 18:00:00,False,True,False,10,0.53,False,False,False,0
CUST0331,True,2023-01-14 19:00:00,False,True,False,28,0.53,False,False,False,0
CUST0332,True,2023-01-14 20:00:00,False,False,False,53,0.79,False,False,False,0
CUST0333,True,2023-01-14 21:00:00,False,False,False,25,0.67,False,False,False,0
CUST0334,True,2023-01-14 22:00:00,False,True,False,15,0.67,False,False,False,0
CUST0335,True,2023-01-14 23:00:00,False,True,False,34,0.51,False,False,False,0
CUST0336,False,2023-01-15 00:00:00,True,True,False,19,0.58,True,False,False,1
CUST0337,True,2023-01-15 01:00:00,False,True,False,45,0.77,False,False,False,0
CUST0338,True,2023-01-15 02:00:00,True,True,False,2,0.84,False,False,False,0
CUST0339,True,2023-01-15 03:00:00,True,True,False,0,0.73,False,False,False,0
CUST0340,True,2023-01-15 04:00:00,False,False,False,57,0.93,False,False,False,0
CUST0341,True,2023-01-15 05:00:00,False,True,False,52,0.84,False,False,False,0
CUST0342,True,2023-01-15 06:00:00,False,True,False,46,0.61,False,False,False,0
CUST0343,True,2023-01-15 07:00:00,False,True,False,0,0.7,False,False,False,0
CUST0344,True,2023-01-15 08:00:00,False,False,False,16,0.93,False,False,False,0
CUST0345,True,2023-01-15 09:00:00,False,False,False,1,0.66,False,False,False,0
CUST0346,True,2023-01-15 10:00:00,False,False,False,28,0.84,False,False,False,0
CUST0347,True,2023-01-15 11:00:00,False,True,False,19,0.72,False,False,False,0
CUST0348,True,2023-01-15 12:00:00,False,False,False,5,0.6,False,False,False,0
CUST0349,True,2023-01-15 13:00:00,True,True,False,7,0.32,False,False,False,0
CUST0350,True,2023-01-15 14:00:00,False,False,False,28,0.48,False,False,False,0
CUST0351,False,2023-01-15 15:00:00,False,False,False,47,0.97,True,False,False,1
CUST0352,True,2023-01-15 16:00:00,False,False,False,50,0.69,False,False,False,0
CUST0353,True,2023-01-15 17:00:00,False,False,False,32,0.61,False,False,False,0
CUST0354,True,2023-01-15 18:00:00,False,False,False,2,0.94,False,False,False,0
CUST0355,True,2023-01-15 19:00:00,False,True,True,59,0.63,False,False,True,1
CUST0356,True,2023-01-15 20:00:00,False,False,False,34,0.57,False,False,False,0
CUST0357,True,2023-01-15 21:00:00,False,True,False,4,0.78,False,False,False,0
CUST0358,False,2023-01-15 22:00:00,False,False,False,26,0.74,True,False,False,1
CUST0359,True,2023-01-15 23:00:00,False,True,False,43,0.27,False,False,False,0
CUST0360,True,2023-01-16 00:00:00,False,True,False,11,0.52,False,False,False,0
CUST0361,True,2023-01-16 01:00:00,False,True,False,19,0.53,False,False,False,0
CUST0362,True,2023-01-16 02:00:00,False,True,False,44,0.44,False,False,False,0
CUST0363,True,2023-01-16 03:00:00,False,True,False,19,0.57,False,False,False,0
CUST0364,False,2023-01-16 04:00:00,False,False,False,8,0.47,True,False,False,1
CUST0365,True,2023-01-16 05:00:00,True,True,False,38,0.28,False,False,False,0
CUST0366,False,2023-01-16 06:00:00,False,True,False,3,0.47,True,False,False,1
CUST0367,False,2023-01-16 07:00:00,False,False,False,50,0.17,True,False,False,1
CUST0368,True,2023-01-16 08:00:00,True,True,False,53,0.62,False,False,False,0
CUST0369,True,2023-01-16 09:00:00,False,False,False,18,0.87,False,False,False,0
CUST0370,True,2023-01-16 10:00:00,False,False,False,37,0.75,False,False,False,0
CUST0371,True,2023-01-16 11:00:00,True,False,False,26,0.42,False,True,False,1
CUST0372,True,2023-01-16 12:00:00,False,False,False,44,0.18,False,False,False,0
CUST0373,True,2023-01-16 13:00:00,False,True,False,42,0.28,False,False,False,0
CUST0374,True,2023-01-16 14:00:00,False,False,False,12,0.59,False,False,False,0
CUST0375,True,2023-01-16 15:00:00,False,True,False,12,0.29,False,False,False,0
CUST0376,True,2023-01-16 16:00:00,False,True,False,59,0.59,False,False,False,0
CUST0377,True,2023-01-16 17:00:00,False,False,False,56,0.31,False,False,False,0
CUST0378,True,2023-01-16 18:00:00,False,True,True,21,0.86,False,False,True,1
CUST0379,True,2023-01-16 19:00:00,False,False,False,27,0.46,False,False,False,0
CUST0380,True,2023-01-16 20:00:00,True,False,False,51,0.32,False,True,False,1
CUST0381,True,2023-01-16 21:00:00,False,False,False,46,0.83,False,False,False,0
CUST0382,True,2023-01-16 22:00:00,False,False,True,52,0.41,False,False,True,1
CUST0383,False,2023-01-16 23:00:00,False,True,False,44,0.2,True,False,False,1
CUST0384,True,2023-01-17 00:00:00,False,True,True,21,0.61,False,False,True,1
CUST0385,True,2023-01-17 01:00:00,False,False,False,42,0.62,False,False,False,0
CUST0386,True,2023-01-17 02:00:00,False,True,False,18,0.74,False,False,False,0
CUST0387,True,2023-01-17 03:00:00,True,False,False,7,0.32,False,True,False,1
CUST0388,True,2023-01-17 04:00:00,False,False,True,51,0.5,False,False,True,1
CUST0389,True,2023-01-17 05:00:00,False,False,False,7,0.35,False,False,False,0
CUST0390,False,2023-01-17 06:00:00,False,True,False,41,0.17,True,False,False,1
CUST0391,True,2023-01-17 07:00:00,True,True,False,25,0.89,False,False,False,0
CUST0392,True,2023-01-17 08:00:00,True,True,False,47,0.76,False,False,False,0
CUST0393,True,2023-01-17 09:00:00,False,True,False,50,0.37,False,False,False,0
CUST0394,True,2023-01-17 10:00:00,False,False,False,25,0.64,False,False,False,0
CUST0395,False,2023-01-17 11:00:00,False,True,False,22,0.28,True,False,False,1
CUST0396,False,2023-01-17 12:00:00,False,True,False,42,0.9,True,False,False,1
CUST0397,True,2023-01-17 13:00:00,False,True,False,12,0.2,False,False,False,0
CUST0398,True,2023-01-17 14:00:00,False,False,False,27,0.1,False,False,False,0
CUST0399,True,2023-01-17 15:00:00,False,False,False,8,0.55,False,False,False,0
CUST0400,True,2023-01-17 16:00:00,True,True,True,19,0.62,False,False,True,1
CUST0401,False,2023-01-17 17:00:00,True,True,True,55,0.62,True,False,True,2
CUST0402,True,2023-01-17 18:00:00,True,True,False,18,0.15,False,False,False,0
CUST0403,True,2023-01-17 19:00:00,False,True,False,47,0.38,False,False,False,0
CUST0404,True,2023-01-17 20:00:00,False,False,False,38,0.55,False,False,False,0
CUST0405,False,2023-01-17 21:00:00,False,False,False,50,0.29,True,False,False,1
CUST0406,True,2023-01-17 22:00:00,False,True,False,11,0.89,False,False,False,0
CUST0407,True,2023-01-17 23:00:00,False,True,False,14,0.18,False,False,False,0
CUST0408,False,2023-01-18 00:00:00,False,False,False,30,0.54,True,False,False,1
CUST0409,True,2023-01-18 01:00:00,False,True,True,54,0.72,False,False,True,1
CUST0410,True,2023-01-18 02:00:00,False,False,False,13,0.34,False,False,False,0
CUST0411,False,2023-01-18 03:00:00,True,True,False,10,0.66,True,False,False,1
CUST0412,False,2023-01-18 04:00:00,False,True,True,25,0.85,True,False,True,2
CUST0413,True,2023-01-18 05:00:00,True,True,False,41,0.27,False,False,False,0
CUST0414,True,2023-01-18 06:00:00,False,False,False,26,0.93,False,False,False,0
CUST0415,True,2023-01-18 07:00:00,False,False,False,10,0.6,False,False,False,0
CUST0416,True,2023-01-18 08:00:00,True,True,False,37,0.37,False,False,False,0
CUST0417,True,2023-01-18 09:00:00,True,True,False,33,0.49,False,False,False,0
CUST0418,True,2023-01-18 10:00:00,False,True,False,42,0.38,False,False,False,0
CUST0419,True,2023-01-18 11:00:00,False,True,True,18,0.75,False,False,True,1
CUST0420,True,2023-01-18 12:00:00,False,True,False,5,0.82,False,False,False,0
CUST0421,True,2023-01-18 13:00:00,False,True,False,45,0.85,False,False,False,0
CUST0422,True,2023-01-18 14:00:00,True,False,False,51,0.99,False,True,False,1
CUST0423,True,2023-01-18 15:00:00,True,True,True,37,0.81,False,False,True,1
CUST0424,True,2023-01-18 16:00:00,False,True,False,48,0.64,False,False,False,0
CUST0425,True,2023-01-18 17:00:00,False,False,False,41,0.41,False,False,False,0
CUST0426,True,2023-01-18 18:00:00,True,True,False,27,0.59,False,False,False,0
CUST0427,False,2023-01-18 19:00:00,False,False,False,0,0.14,True,False,False,1
CUST0428,True,2023-01-18 20:00:00,False,True,False,34,0.77,False,False,False,0
CUST0429,True,2023-01-18 21:00:00,False,False,False,39,0.5,False,False,False,0
CUST0430,True,2023-01-18 22:00:00,False,False,False,7,0.12,False,False,False,0
CUST0431,True,2023-01-18 23:00:00,False,False,False,58,0.16,False,False,False,0
CUST0432,True,2023-01-19 00:00:00,False,False,False,51,0.45,False,False,False,0
CUST0433,True,2023-01-19 01:00:00,False,True,False,53,0.63,False,False,False,0
CUST0434,True,2023-01-19 02:00:00,True,False,False,46,0.52,False,True,False,1
CUST0435,True,2023-01-19 03:00:00,True,True,False,55,0.66,False,False,False,0
CUST0436,True,2023-01-19 04:00:00,False,True,False,6,0.53,False,False,False,0
CUST0437,True,2023-01-19 05:00:00,False,True,False,10,0.7,False,False,False,0
CUST0438,True,2023-01-19 06:00:00,False,False,False,38,0.3,False,False,False,0
CUST0439,True,2023-01-19 07:00:00,False,True,False,3,0.2,False,False,False,0
CUST0440,True,2023-01-19 08:00:00,False,False,False,24,0.64,False,False,False,0
CUST0441,False,2023-01-19 09:00:00,True,False,False,11,0.54,True,True,False,2
CUST0442,True,2023-01-19 10:00:00,False,False,False,25,0.12,False,False,False,0
CUST0443,True,2023-01-19 11:00:00,False,False,False,37,0.44,False,False,False,0
CUST0444,True,2023-01-19 12:00:00,False,True,False,45,0.2,False,False,False,0
CUST0445,False,2023-01-19 13:00:00,True,True,False,11,0.58,True,False,False,1
CUST0446,False,2023-01-19 14:00:00,False,True,False,42,0.46,True,False,False,1
CUST0447,True,2023-01-19 15:00:00,False,True,False,50,0.65,False,False,False,0
CUST0448,True,2023-01-19 16:00:00,False,True,False,52,0.83,False,False,False,0
CUST0449,True,2023-01-19 17:00:00,False,True,True,36,0.37,False,False,True,1
CUST0450,True,2023-01-19 18:00:00,False,True,False,45,0.97,False,False,False,0
CUST0451,True,2023-01-19 19:00:00,False,False,False,52,0.58,False,False,False,0
CUST0452,True,2023-01-19 20:00:00,False,False,False,23,0.66,False,False,False,0
CUST0453,False,2023-01-19 21:00:00,False,True,False,15,0.71,True,False,False,1
CUST0454,True,2023-01-19 22:00:00,True,False,False,56,0.7,False,True,False,1
CUST0455,True,2023-01-19 23:00:00,False,True,False,12,0.56,False,False,False,0
CUST0456,True,2023-01-20 00:00:00,False,True,False,24,0.49,False,False,False,0
CUST0457,True,2023-01-20 01:00:00,False,False,False,53,0.15,False,False,False,0
CUST0458,True,2023-01-20 02:00:00,False,True,False,53,0.12,False,False,False,0
CUST0459,True,2023-01-20 03:00:00,False,True,False,56,0.42,False,False,False,0
CUST0460,True,2023-01-20 04:00:00,False,False,False,51,0.4,False,False,False,0
CUST0461,True,2023-01-20 05:00:00,False,False,False,53,0.45,False,False,False,0
CUST0462,True,2023-01-20 06:00:00,True,False,False,3,0.22,False,True,False,1
CUST0463,True,2023-01-20 07:00:00,False,False,False,10,0.76,False,False,False,0
CUST0464,False,2023-01-20 08:00:00,False,False,False,31,0.87,True,False,False,1
CUST0465,True,2023-01-20 09:00:00,True,True,False,48,0.94,False,False,False,0
CUST0466,True,2023-01-20 10:00:00,False,True,False,6,0.54,False,False,False,0
CUST0467,False,2023-01-20 11:00:00,False,True,False,45,0.73,True,False,False,1
CUST0468,True,2023-01-20 12:00:00,False,True,False,57,0.87,False,False,False,0
CUST0469,False,2023-01-20 13:00:00,False,False,False,10,0.48,True,False,False,1
CUST0470,True,2023-01-20 14:00:00,False,True,True,27,0.38,False,False,True,1
CUST0471,False,2023-01-20 15:00:00,False,False,False,53,0.94,True,False,False,1
CUST0472,True,2023-01-20 16:00:00,False,False,False,40,0.56,False,False,False,0
CUST0473,False,2023-01-20 17:00:00,False,False,False,22,0.55,True,False,False,1
CUST0474,True,2023-01-20 18:00:00,False,False,False,44,0.26,False,False,False,0
CUST0475,False,2023-01-20 19:00:00,False,False,False,22,0.2,True,False,False,1
CUST0476,True,2023-01-20 20:00:00,False,True,False,49,0.86,False,False,False,0
CUST0477,True,2023-01-20 21:00:00,False,False,False,27,0.65,False,False,False,0
CUST0478,False,2023-01-20 22:00:00,False,True,False,42,0.39,True,False,False,1
CUST0479,True,2023-01-20 23:00:00,False,False,False,46,0.27,False,False,False,0
CUST0480,True,2023-01-21 00:00:00,False,True,False,56,0.6,False,False,False,0
CUST0481,True,2023-01-21 01:00:00,True,False,False,25,0.63,False,True,False,1
CUST0482,True,2023-01-21 02:00:00,False,False,False,24,0.29,False,False,False,0
CUST0483,True,2023-01-21 03:00:00,True,True,False,53,0.87,False,False,False,0
CUST0484,True,2023-01-21 04:00:00,False,True,False,28,0.18,False,False,False,0
CUST0485,False,2023-01-21 05:00:00,False,False,False,18,0.42,True,False,False,1
CUST0486,True,2023-01-21 06:00:00,False,True,False,32,0.71,False,False,False,0
CUST0487,True,2023-01-21 07:00:00,False,False,True,35,0.35,False,False,True,1
CUST0488,False,2023-01-21 08:00:00,False,False,True,13,0.84,True,False,True,2
CUST0489,False,2023-01-21 09:00:00,False,True,False,13,0.77,True,False,False,1
CUST0490,True,2023-01-21 10:00:00,False,True,True,34,0.81,False,False,True,1
CUST0491,True,2023-01-21 11:00:00,False,True,False,29,0.21,False,False,False,0
CUST0492,True,2023-01-21 12:00:00,False,False,False,27,0.23,False,False,False,0
CUST0493,True,2023-01-21 13:00:00,True,True,False,16,0.36,False,False,False,0
CUST0494,True,2023-01-21 14:00:00,False,False,False,2,0.57,False,False,False,0
CUST0495,True,2023-01-21 15:00:00,False,True,False,15,0.77,False,False,False,0
CUST0496,True,2023-01-21 16:00:00,False,False,False,45,0.85,False,False,False,0
CUST0497,True,2023-01-21 17:00:00,False,False,False,29,0.73,False,False,False,0
CUST0498,False,2023-01-21 18:00:00,False,False,False,51,0.94,True,False,False,1
CUST0499,False,2023-01-21 19:00:00,False,True,False,28,0.76,True,False,False,1
CUST0500,True,2023-01-21 20:00:00,False,False,False,44,0.38,False,False,False,0
CUST0501,True,2023-01-21 21:00:00,False,False,False,14,0.34,False,False,False,0
CUST0502,True,2023-01-21 22:00:00,True,False,False,45,0.73,False,True,False,1
CUST0503,True,2023-01-21 23:00:00,False,False,True,55,0.27,False,False,True,1
CUST0504,True,2023-01-22 00:00:00,False,True,False,24,0.18,False,False,False,0
CUST0505,True,2023-01-22 01:00:00,False,True,False,50,0.58,False,False,False,0
CUST0506,False,2023-01-22 02:00:00,False,False,False,37,0.84,True,False,False,1
CUST0507,True,2023-01-22 03:00:00,False,True,False,41,0.19,False,False,False,0
CUST0508,False,2023-01-22 04:00:00,False,False,False,58,0.81,True,False,False,1
CUST0509,True,2023-01-22 05:00:00,False,False,True,46,0.83,False,False,True,1
CUST0510,True,2023-01-22 06:00:00,False,True,False,52,0.53,False,False,False,0
CUST0511,True,2023-01-22 07:00:00,False,False,True,53,0.15,False,False,True,1
CUST0512,False,2023-01-22 08:00:00,False,True,False,51,0.26,True,False,False,1
CUST0513,False,2023-01-22 09:00:00,True,False,False,57,0.74,True,True,False,2
CUST0514,True,2023-01-22 10:00:00,True,False,False,37,0.74,False,True,False,1
CUST0515,True,2023-01-22 11:00:00,True,False,False,22,0.91,False,True,False,1
CUST0516,True,2023-01-22 12:00:00,False,True,True,24,0.62,False,False,True,1
CUST0517,True,2023-01-22 13:00:00,False,True,False,41,0.21,False,False,False,0
CUST0518,False,2023-01-22 14:00:00,False,False,True,6,0.21,True,False,True,2
CUST0519,True,2023-01-22 15:00:00,False,False,False,21,0.75,False,False,False,0
CUST0520,True,2023-01-22 16:00:00,True,False,False,16,0.27,False,True,False,1
CUST0521,True,2023-01-22 17:00:00,False,True,False,17,0.4,False,False,False,0
CUST0522,False,2023-01-22 18:00:00,False,True,False,48,0.54,True,False,False,1
CUST0523,True,2023-01-22 19:00:00,True,True,False,40,0.12,False,False,False,0
CUST0524,True,2023-01-22 20:00:00,False,False,False,9,0.32,False,False,False,0
CUST0525,True,2023-01-22 21:00:00,False,True,False,9,0.47,False,False,False,0
CUST0526,True,2023-01-22 22:00:00,False,True,False,56,0.35,False,False,False,0
CUST0527,True,2023-01-22 23:00:00,False,False,False,6,0.22,False,False,False,0
CUST0528,True,2023-01-23 00:00:00,False,True,False,47,0.76,False,False,False,0
CUST0529,False,2023-01-23 01:00:00,False,False,False,49,0.83,True,False,False,1
CUST0530,True,2023-01-23 02:00:00,False,False,False,37,0.33,False,False,False,0
CUST0531,False,2023-01-23 03:00:00,False,False,False,26,0.8,True,False,False,1
CUST0532,False,2023-01-23 04:00:00,False,True,False,51,0.45,True,False,False,1
CUST0533,True,2023-01-23 05:00:00,False,True,False,32,0.56,False,False,False,0
CUST0534,True,2023-01-23 06:00:00,False,False,False,0,0.87,False,False,False,0
CUST0535,False,2023-01-23 07:00:00,True,False,False,43,0.77,True,True,False,2
CUST0536,True,2023-01-23 08:00:00,True,False,False,52,0.82,False,True,False,1
CUST0537,True,2023-01-23 09:00:00,False,True,False,59,0.22,False,False,False,0
CUST0538,True,2023-01-23 10:00:00,True,False,False,33,0.16,False,True,False,1
CUST0539,True,2023-01-23 11:00:00,False,False,True,3,0.9,False,False,False,0
CUST0540,False,2023-01-23 12:00:00,False,False,False,16,0.45,True,False,False,1
CUST0541,True,2023-01-23 13:00:00,True,False,False,3,0.36,False,True,False,1
CUST0542,True,2023-01-23 14:00:00,False,False,False,42,0.75,False,False,False,0
CUST0543,True,2023-01-23 15:00:00,False,False,False,53,0.85,False,False,False,0
CUST0544,True,2023-01-23 16:00:00,False,True,False,25,0.88,False,False,False,0
CUST0545,True,2023-01-23 17:00:00,False,True,False,3,0.38,False,False,False,0
CUST0546,True,2023-01-23 18:00:00,False,True,True,0,0.87,False,False,False,0
CUST0547,True,2023-01-23 19:00:00,False,True,False,6,0.14,False,False,False,0
CUST0548,True,2023-01-23 20:00:00,True,True,False,29,0.14,False,False,False,0
CUST0549,True,2023-01-23 21:00:00,False,True,False,49,0.66,False,False,False,0
CUST0550,True,2023-01-23 22:00:00,False,True,False,8,0.16,False,False,False,0
CUST0551,False,2023-01-23 23:00:00,False,True,False,34,0.39,True,False,False,1
CUST0552,True,2023-01-24 00:00:00,False,False,False,7,0.71,False,False,False,0
CUST0553,True,2023-01-24 01:00:00,False,False,False,23,0.4,False,False,False,0
CUST0554,False,2023-01-24 02:00:00,False,True,False,18,0.26,True,False,False,1
CUST0555,True,2023-01-24 03:00:00,False,False,False,35,0.35,False,False,False,0
CUST0556,True,2023-01-24 04:00:00,False,False,False,49,0.51,False,False,False,0
CUST0557,True,2023-01-24 05:00:00,False,True,False,51,0.53,False,False,False,0
CUST0558,True,2023-01-24 06:00:00,False,True,True,58,0.8,False,False,True,1
CUST0559,True,2023-01-24 07:00:00,False,False,False,42,0.78,False,False,False,0
CUST0560,True,2023-01-24 08:00:00,False,False,False,26,0.51,False,False,False,0
CUST0561,True,2023-01-24 09:00:00,False,False,False,31,0.86,False,False,False,0
CUST0562,True,2023-01-24 10:00:00,False,True,True,13,0.2,False,False,True,1
CUST0563,True,2023-01-24 11:00:00,False,True,False,56,0.33,False,False,False,0
CUST0564,True,2023-01-24 12:00:00,False,True,False,17,0.85,False,False,False,0
CUST0565,True,2023-01-24 13:00:00,False,True,False,27,0.44,False,False,False,0
CUST0566,True,2023-01-24 14:00:00,False,True,False,59,0.98,False,False,False,0
CUST0567,True,2023-01-24 15:00:00,True,True,False,28,0.52,False,False,False,0
CUST0568,False,2023-01-24 16:00:00,False,False,False,15,0.81,True,False,False,1
CUST0569,True,2023-01-24 17:00:00,False,False,False,34,0.46,False,False,False,0
CUST0570,True,2023-01-24 18:00:00,False,True,False,46,0.48,False,False,False,0
CUST0571,True,2023-01-24 19:00:00,True,False,False,58,0.44,False,True,False,1
CUST0572,True,2023-01-24 20:00:00,False,True,False,58,0.75,False,False,False,0
CUST0573,True,2023-01-24 21:00:00,False,True,False,30,0.59,False,False,False,0
CUST0574,False,2023-01-24 22:00:00,False,True,False,3,0.95,True,False,False,1
CUST0575,False,2023-01-24 23:00:00,True,False,False,36,0.33,True,True,False,2
CUST0576,True,2023-01-25 00:00:00,True,False,False,16,0.19,False,True,False,1
CUST0577,False,2023-01-25 01:00:00,False,False,False,38,0.45,True,False,False,1
CUST0578,True,2023-01-25 02:00:00,False,True,False,47,0.66,False,False,False,0
CUST0579,True,2023-01-25 03:00:00,False,False,False,45,0.87,False,False,False,0
CUST0580,True,2023-01-25 04:00:00,False,True,False,25,0.41,False,False,False,0
CUST0581,False,2023-01-25 05:00:00,False,False,False,47,0.69,True,False,False,1
CUST0582,True,2023-01-25 06:00:00,False,False,False,38,0.42,False,False,False,0
CUST0583,True,2023-01-25 07:00:00,False,True,False,40,0.66,False,False,False,0
CUST0584,True,2023-01-25 08:00:00,False,False,False,3,0.9,False,False,False,0
CUST0585,True,2023-01-25 09:00:00,True,False,False,29,0.31,False,True,False,1
CUST0586,True,2023-01-25 10:00:00,False,True,False,29,0.46,False,False,False,0
CUST0587,True,2023-01-25 11:00:00,False,False,False,21,0.99,False,False,False,0
CUST0588,True,2023-01-25 12:00:00,False,True,False,10,0.88,False,False,False,0
CUST0589,True,2023-01-25 13:00:00,False,False,False,1,0.61,False,False,False,0
CUST0590,True,2023-01-25 14:00:00,False,False,False,43,0.56,False,False,False,0
CUST0591,True,2023-01-25 15:00:00,False,False,False,11,0.36,False,False,False,0
CUST0592,True,2023-01-25 16:00:00,True,False,False,29,0.57,False,True,False,1
CUST0593,True,2023-01-25 17:00:00,True,False,False,35,0.86,False,True,False,1
CUST0594,False,2023-01-25 18:00:00,False,True,False,17,0.72,True,False,False,1
CUST0595,True,2023-01-25 19:00:00,False,False,False,25,0.36,False,False,False,0
CUST0596,True,2023-01-25 20:00:00,False,True,False,52,0.28,False,False,False,0
CUST0597,True,2023-01-25 21:00:00,True,True,False,6,0.34,False,False,False,0
CUST0598,True,2023-01-25 22:00:00,True,True,False,0,0.25,False,False,False,0
CUST0599,True,2023-01-25 23:00:00,False,True,False,57,0.19,False,False,False,0
CUST0600,True,2023-01-26 00:00:00,True,False,False,25,0.48,False,True,False,1
CUST0601,True,2023-01-26 01:00:00,False,True,False,22,0.2,False,False,False,0
CUST0602,True,2023-01-26 02:00:00,False,False,False,25,0.25,False,False,False,0
CUST0603,True,2023-01-26 03:00:00,False,True,False,44,0.59,False,False,False,0
CUST0604,True,2023-01-26 04:00:00,True,True,False,5,0.25,False,False,False,0
CUST0605,True,2023-01-26 05:00:00,False,False,False,5,0.16,False,False,False,0
CUST0606,True,2023-01-26 06:00:00,True,True,False,43,0.39,False,False,False,0
CUST0607,True,2023-01-26 07:00:00,False,True,False,7,0.3,False,False,False,0
CUST0608,True,2023-01-26 08:00:00,False,False,False,23,0.56,False,False,False,0
CUST0609,True,2023-01-26 09:00:00,False,True,False,21,0.19,False,False,False,0
CUST0610,True,2023-01-26 10:00:00,False,False,False,18,0.78,False,False,False,0
CUST0611,True,2023-01-26 11:00:00,False,True,False,36,0.92,False,False,False,0
CUST0612,True,2023-01-26 12:00:00,False,True,False,17,0.77,False,False,False,0
CUST0613,True,2023-01-26 13:00:00,False,False,False,30,0.58,False,False,False,0
CUST0614,False,2023-01-26 14:00:00,False,True,False,36,0.87,True,False,False,1
CUST0615,False,2023-01-26 15:00:00,False,True,True,29,0.73,True,False,True,2
CUST0616,True,2023-01-26 16:00:00,False,True,False,56,0.11,False,False,False,0
CUST0617,True,2023-01-26 17:00:00,False,True,False,41,0.45,False,False,False,0
CUST0618,True,2023-01-26 18:00:00,False,False,False,32,0.87,False,False,False,0
CUST0619,True,2023-01-26 19:00:00,False,True,False,9,0.41,False,False,False,0
CUST0620,True,2023-01-26 20:00:00,False,False,False,36,0.13,False,False,False,0
CUST0621,True,2023-01-26 21:00:00,True,False,False,11,0.77,False,True,False,1
CUST0622,True,2023-01-26 22:00:00,False,True,False,53,0.82,False,False,False,0
CUST0623,True,2023-01-26 23:00:00,False,False,False,29,0.24,False,False,False,0
CUST0624,True,2023-01-27 00:00:00,True,True,False,26,0.58,False,False,False,0
CUST0625,True,2023-01-27 01:00:00,False,False,False,38,0.27,False,False,False,0
CUST0626,True,2023-01-27 02:00:00,False,True,True,8,0.75,False,False,True,1
CUST0627,True,2023-01-27 03:00:00,False,False,False,53,0.34,False,False,False,0
CUST0628,True,2023-01-27 04:00:00,True,True,False,20,0.38,False,False,False,0
CUST0629,True,2023-01-27 05:00:00,False,True,False,11,0.86,False,False,False,0
CUST0630,True,2023-01-27 06:00:00,False,False,False,54,0.53,False,False,False,0
CUST0631,False,2023-01-27 07:00:00,False,False,False,28,0.7,True,False,False,1
CUST0632,True,2023-01-27 08:00:00,False,True,False,32,0.46,False,False,False,0
CUST0633,True,2023-01-27 09:00:00,False,True,False,42,0.37,False,False,False,0
CUST0634,True,2023-01-27 10:00:00,False,False,True,52,0.66,False,False,True,1
CUST0635,True,2023-01-27 11:00:00,False,False,False,14,0.24,False,False,False,0
CUST0636,True,2023-01-27 12:00:00,False,False,False,1,0.44,False,False,False,0
CUST0637,True,2023-01-27 13:00:00,True,False,True,51,0.29,False,True,True,2
CUST0638,True,2023-01-27 14:00:00,False,False,False,38,0.73,False,False,False,0
CUST0639,True,2023-01-27 15:00:00,False,False,False,52,0.95,False,False,False,0
CUST0640,True,2023-01-27 16:00:00,False,True,False,43,1.0,False,False,False,0
CUST0641,True,2023-01-27 17:00:00,False,True,False,53,0.51,False,False,False,0
CUST0642,True,2023-01-27 18:00:00,False,False,False,17,0.33,False,False,False,0
CUST0643,True,2023-01-27 19:00:00,False,False,False,2,0.5,False,False,False,0
CUST0644,True,2023-01-27 20:00:00,True,True,False,6,0.86,False,False,False,0
CUST0645,False,2023-01-27 21:00:00,False,True,False,42,0.29,True,False,False,1
CUST0646,True,2023-01-27 22:00:00,True,False,False,17,0.96,False,True,False,1
CUST0647,True,2023-01-27 23:00:00,False,False,False,43,0.41,False,False,False,0
CUST0648,True,2023-01-28 00:00:00,False,True,False,37,0.99,False,False,False,0
CUST0649,True,2023-01-28 01:00:00,False,True,False,36,0.85,False,False,False,0
CUST0650,True,2023-01-28 02:00:00,True,True,False,57,0.83,False,False,False,0
CUST0651,True,2023-01-28 03:00:00,False,True,False,32,0.39,False,False,False,0
CUST0652,True,2023-01-28 04:00:00,False,True,False,43,0.11,False,False,False,0
CUST0653,True,2023-01-28 05:00:00,False,True,False,58,0.44,False,False,False,0
CUST0654,True,2023-01-28 06:00:00,True,False,True,30,0.37,False,True,True,2
CUST0655,True,2023-01-28 07:00:00,False,True,False,57,0.13,False,False,False,0
CUST0656,True,2023-01-28 08:00:00,False,False,False,10,0.55,False,False,False,0
CUST0657,True,2023-01-28 09:00:00,False,False,False,3,0.46,False,False,False,0
CUST0658,True,2023-01-28 10:00:00,False,True,False,58,0.67,False,False,False,0
CUST0659,True,2023-01-28 11:00:00,False,False,False,17,0.66,False,False,False,0
CUST0660,True,2023-01-28 12:00:00,False,True,False,3,0.21,False,False,False,0
CUST0661,False,2023-01-28 13:00:00,False,False,False,48,0.98,True,False,False,1
CUST0662,True,2023-01-28 14:00:00,False,True,True,33,0.27,False,False,True,1
CUST0663,True,2023-01-28 15:00:00,False,False,True,28,0.5,False,False,True,1
CUST0664,True,2023-01-28 16:00:00,False,False,False,23,0.54,False,False,False,0
CUST0665,True,2023-01-28 17:00:00,False,True,False,21,0.83,False,False,False,0
CUST0666,True,2023-01-28 18:00:00,False,True,False,1,0.19,False,False,False,0
CUST0667,True,2023-01-28 19:00:00,False,False,False,43,0.49,False,False,False,0
CUST0668,True,2023-01-28 20:00:00,True,False,True,5,0.67,False,True,True,2
CUST0669,True,2023-01-28 21:00:00,False,True,False,41,0.29,False,False,False,0
CUST0670,True,2023-01-28 22:00:00,False,False,False,24,0.66,False,False,False,0
CUST0671,False,2023-01-28 23:00:00,False,True,True,54,0.93,True,False,True,2
CUST0672,True,2023-01-29 00:00:00,False,False,False,56,1.0,False,False,False,0
CUST0673,True,2023-01-29 01:00:00,False,True,False,20,0.13,False,False,False,0
CUST0674,True,2023-01-29 02:00:00,False,False,False,54,0.31,False,False,False,0
CUST0675,False,2023-01-29 03:00:00,False,True,False,58,0.38,True,False,False,1
CUST0676,True,2023-01-29 04:00:00,True,True,False,15,0.46,False,False,False,0
CUST0677,True,2023-01-29 05:00:00,False,True,False,30,0.32,False,False,False,0
CUST0678,False,2023-01-29 06:00:00,True,True,False,13,0.28,True,False,False,1
CUST0679,False,2023-01-29 07:00:00,False,False,False,38,0.96,True,False,False,1
CUST0680,True,2023-01-29 08:00:00,False,True,False,27,0.93,False,False,False,0
CUST0681,True,2023-01-29 09:00:00,False,False,False,31,0.14,False,False,False,0
CUST0682,True,2023-01-29 10:00:00,False,True,False,27,0.4,False,False,False,0
CUST0683,True,2023-01-29 11:00:00,False,True,False,50,0.46,False,False,False,0
CUST0684,False,2023-01-29 12:00:00,True,True,False,54,0.32,True,False,False,1
CUST0685,True,2023-01-29 13:00:00,False,True,False,48,0.67,False,False,False,0
CUST0686,True,2023-01-29 14:00:00,False,True,False,8,0.68,False,False,False,0
CUST0687,True,2023-01-29 15:00:00,False,True,False,57,0.87,False,False,False,0
CUST0688,True,2023-01-29 16:00:00,False,True,True,44,0.77,False,False,True,1
CUST0689,True,2023-01-29 17:00:00,False,True,True,21,0.59,False,False,True,1
CUST0690,True,2023-01-29 18:00:00,True,False,False,31,0.69,False,True,False,1
CUST0691,True,2023-01-29 19:00:00,False,False,False,4,0.35,False,False,False,0
CUST0692,True,2023-01-29 20:00:00,False,True,False,22,0.63,False,False,False,0
CUST0693,True,2023-01-29 21:00:00,True,True,False,4,0.54,False,False,False,0
CUST0694,True,2023-01-29 22:00:00,False,False,False,41,0.22,False,False,False,0
CUST0695,True,2023-01-29 23:00:00,True,False,True,52,0.32,False,True,True,2
CUST0696,True,2023-01-30 00:00:00,True,False,False,31,0.36,False,True,False,1
CUST0697,True,2023-01-30 01:00:00,True,True,False,58,0.93,False,False,False,0
CUST0698,True,2023-01-30 02:00:00,False,False,False,9,0.31,False,False,False,0
CUST0699,True,2023-01-30 03:00:00,False,False,False,58,0.36,False,False,False,0
CUST0700,True,2023-01-30 04:00:00,False,False,False,38,0.43,False,False,False,0
CUST0701,True,2023-01-30 05:00:00,False,False,False,57,0.7,False,False,False,0
CUST0702,True,2023-01-30 06:00:00,False,True,False,14,0.21,False,False,False,0
CUST0703,True,2023-01-30 07:00:00,False,True,False,6,0.96,False,False,False,0
CUST0704,True,2023-01-30 08:00:00,False,False,False,28,0.88,False,False,False,0
CUST0705,False,2023-01-30 09:00:00,True,False,False,58,0.62,True,True,False,2
CUST0706,True,2023-01-30 10:00:00,False,True,False,46,0.71,False,False,False,0
CUST0707,True,2023-01-30 11:00:00,False,True,False,2,0.11,False,False,False,0
CUST0708,True,2023-01-30 12:00:00,False,True,False,18,0.41,False,False,False,0
CUST0709,True,2023-01-30 13:00:00,False,True,False,9,0.82,False,False,False,0
CUST0710,True,2023-01-30 14:00:00,True,False,True,27,0.17,False,True,True,2
CUST0711,True,2023-01-30 15:00:00,True,False,False,28,0.35,False,True,False,1
CUST0712,True,2023-01-30 16:00:00,False,True,False,14,0.63,False,False,False,0
CUST0713,True,2023-01-30 17:00:00,False,True,False,34,0.33,False,False,False,0
CUST0714,True,2023-01-30 18:00:00,True,True,False,5,0.94,False,False,False,0
CUST0715,False,2023-01-30 19:00:00,False,True,False,11,0.22,True,False,False,1
CUST0716,True,2023-01-30 20:00:00,True,False,False,46,0.82,False,True,False,1
CUST0717,False,2023-01-30 21:00:00,False,False,True,37,0.56,True,False,True,2
CUST0718,True,2023-01-30 22:00:00,False,False,False,12,0.78,False,False,False,0
CUST0719,True,2023-01-30 23:00:00,False,True,False,28,0.38,False,False,False,0
CUST0720,False,2023-01-31 00:00:00,True,False,False,18,0.56,True,True,False,2
CUST0721,True,2023-01-31 01:00:00,True,False,False,2,0.87,False,True,False,1
CUST0722,True,2023-01-31 02:00:00,False,False,False,7,0.52,False,False,False,0
CUST0723,True,2023-01-31 03:00:00,True,True,False,7,0.42,False,False,False,0
CUST0724,True,2023-01-31 04:00:00,False,True,False,54,0.58,False,False,False,0
CUST0725,True,2023-01-31 05:00:00,True,True,False,57,0.75,False,False,False,0
CUST0726,True,2023-01-31 06:00:00,False,True,True,19,0.5,False,False,True,1
CUST0727,True,2023-01-31 07:00:00,False,True,True,46,0.94,False,False,True,1
CUST0728,True,2023-01-31 08:00:00,False,True,False,3,0.37,False,False,False,0
CUST0729,True,2023-01-31 09:00:00,False,True,False,50,0.53,False,False,False,0
CUST0730,True,2023-01-31 10:00:00,False,False,False,20,0.78,False,False,False,0
CUST0731,True,2023-01-31 11:00:00,False,True,False,2,0.72,False,False,False,0
CUST0732,True,2023-01-31 12:00:00,False,True,False,44,0.88,False,False,False,0
CUST0733,True,2023-01-31 13:00:00,False,False,False,7,1.0,False,False,False,0
CUST0734,True,2023-01-31 14:00:00,True,False,False,22,0.48,False,True,False,1
CUST0735,False,2023-01-31 15:00:00,False,False,False,15,0.2,True,False,False,1
CUST0736,True,2023-01-31 16:00:00,False,False,False,12,0.13,False,False,False,0
CUST0737,True,2023-01-31 17:00:00,True,False,False,2,0.75,False,True,False,1
CUST0738,True,2023-01-31 18:00:00,False,False,False,47,0.89,False,False,False,0
CUST0739,True,2023-01-31 19:00:00,False,True,False,8,0.3,False,False,False,0
CUST0740,True,2023-01-31 20:00:00,False,True,False,59,0.24,False,False,False,0
CUST0741,True,2023-01-31 21:00:00,False,True,False,13,0.16,False,False,False,0
CUST0742,True,2023-01-31 22:00:00,False,True,False,12,0.84,False,False,False,0
CUST0743,True,2023-01-31 23:00:00,True,True,True,52,0.38,False,False,True,1
CUST0744,True,2023-02-01 00:00:00,False,False,True,56,0.46,False,False,True,1
CUST0745,False,2023-02-01 01:00:00,False,False,False,6,0.55,True,False,False,1
CUST0746,True,2023-02-01 02:00:00,True,False,False,14,0.86,False,True,False,1
CUST0747,True,2023-02-01 03:00:00,False,True,False,6,0.69,False,False,False,0
CUST0748,False,2023-02-01 04:00:00,False,False,False,37,0.65,True,False,False,1
CUST0749,True,2023-02-01 05:00:00,True,False,False,33,0.26,False,True,False,1
CUST0750,True,2023-02-01 06:00:00,False,True,False,40,0.56,False,False,False,0
CUST0751,False,2023-02-01 07:00:00,False,False,False,21,0.74,True,False,False,1
CUST0752,True,2023-02-01 08:00:00,True,True,False,23,0.98,False,False,False,0
CUST0753,True,2023-02-01 09:00:00,False,True,False,48,0.28,False,False,False,0
CUST0754,True,2023-02-01 10:00:00,False,False,False,36,0.11,False,False,False,0
CUST0755,True,2023-02-01 11:00:00,False,True,False,43,0.17,False,False,False,0
CUST0756,True,2023-02-01 12:00:00,False,True,False,0,0.44,False,False,False,0
CUST0757,True,2023-02-01 13:00:00,False,False,False,9,0.84,False,False,False,0
CUST0758,False,2023-02-01 14:00:00,True,False,False,42,0.11,True,True,False,2
CUST0759,True,2023-02-01 15:00:00,False,True,False,15,0.51,False,False,False,0
CUST0760,True,2023-02-01 16:00:00,False,True,False,45,0.4,False,False,False,0
CUST0761,True,2023-02-01 17:00:00,False,True,False,7,0.15,False,False,False,0
CUST0762,True,2023-02-01 18:00:00,True,False,False,55,0.51,False,True,False,1
CUST0763,True,2023-02-01 19:00:00,False,True,False,48,0.33,False,False,False,0
CUST0764,True,2023-02-01 20:00:00,True,True,False,24,0.42,False,False,False,0
CUST0765,True,2023-02-01 21:00:00,False,False,False,49,0.74,False,False,False,0
CUST0766,True,2023-02-01 22:00:00,False,False,False,11,0.57,False,False,False,0
CUST0767,False,2023-02-01 23:00:00,False,True,False,24,0.21,True,False,False,1
CUST0768,True,2023-02-02 00:00:00,False,False,False,16,0.97,False,False,False,0
CUST0769,True,2023-02-02 01:00:00,False,False,False,59,0.67,False,False,False,0
CUST0770,True,2023-02-02 02:00:00,False,True,False,25,0.79,False,False,False,0
CUST0771,True,2023-02-02 03:00:00,False,True,False,45,0.17,False,False,False,0
CUST0772,True,2023-02-02 04:00:00,False,False,False,47,0.14,False,False,False,0
CUST0773,True,2023-02-02 05:00:00,False,True,False,13,0.12,False,False,False,0
CUST0774,True,2023-02-02 06:00:00,False,False,False,40,0.27,False,False,False,0
CUST0775,True,2023-02-02 07:00:00,False,True,False,35,0.47,False,False,False,0
CUST0776,True,2023-02-02 08:00:00,False,True,False,56,0.94,False,False,False,0
CUST0777,True,2023-02-02 09:00:00,False,True,False,22,0.51,False,False,False,0
CUST0778,True,2023-02-02 10:00:00,False,True,False,42,0.36,False,False,False,0
CUST0779,True,2023-02-02 11:00:00,False,True,False,5,0.61,False,False,False,0
CUST0780,True,2023-02-02 12:00:00,True,True,False,46,0.2,False,False,False,0
CUST0781,True,2023-02-02 13:00:00,False,False,False,4,0.65,False,False,False,0
CUST0782,True,2023-02-02 14:00:00,False,False,True,42,0.61,False,False,True,1
CUST0783,True,2023-02-02 15:00:00,False,False,False,24,0.81,False,False,False,0
CUST0784,True,2023-02-02 16:00:00,False,False,False,17,0.99,False,False,False,0
CUST0785,False,2023-02-02 17:00:00,False,True,False,12,0.33,True,False,False,1
CUST0786,True,2023-02-02 18:00:00,False,False,False,42,0.56,False,False,False,0
CUST0787,True,2023-02-02 19:00:00,False,True,False,13,0.92,False,False,False,0
CUST0788,True,2023-02-02 20:00:00,True,False,False,27,0.81,False,True,False,1
CUST0789,False,2023-02-02 21:00:00,False,False,False,17,0.54,True,False,False,1
CUST0790,True,2023-02-02 22:00:00,True,False,False,58,0.95,False,True,False,1
CUST0791,True,2023-02-02 23:00:00,False,False,True,59,0.15,False,False,True,1
CUST0792,True,2023-02-03 00:00:00,False,False,False,56,0.94,False,False,False,0
CUST0793,True,2023-02-03 01:00:00,False,True,False,27,0.15,False,False,False,0
CUST0794,True,2023-02-03 02:00:00,True,True,True,50,0.59,False,False,True,1
CUST0795,False,2023-02-03 03:00:00,True,False,False,55,0.9,True,True,False,2
CUST0796,False,2023-02-03 04:00:00,False,True,False,26,0.34,True,False,False,1
CUST0797,True,2023-02-03 05:00:00,True,False,False,31,0.53,False,True,False,1
CUST0798,True,2023-02-03 06:00:00,True,False,False,46,0.39,False,True,False,1
CUST0799,False,2023-02-03 07:00:00,True,True,False,8,0.96,True,False,False,1
CUST0800,True,2023-02-03 08:00:00,False,False,False,39,0.84,False,False,False,0
CUST0801,True,2023-02-03 09:00:00,False,False,False,31,0.74,False,False,False,0
CUST0802,True,2023-02-03 10:00:00,False,False,False,19,0.63,False,False,False,0
CUST0803,True,2023-02-03 11:00:00,False,False,False,27,0.84,False,False,False,0
CUST0804,True,2023-02-03 12:00:00,False,False,False,32,0.45,False,False,False,0
CUST0805,True,2023-02-03 13:00:00,False,False,False,3,0.5,False,False,False,0
CUST0806,False,2023-02-03 14:00:00,False,False,False,45,0.76,True,False,False,1
CUST0807,False,2023-02-03 15:00:00,True,True,False,56,0.42,True,False,False,1
CUST0808,True,2023-02-03 16:00:00,True,True,True,33,0.16,False,False,True,1
CUST0809,True,2023-02-03 17:00:00,True,False,True,47,0.17,False,True,True,2
CUST0810,False,2023-02-03 18:00:00,False,True,False,2,0.2,True,False,False,1
CUST0811,True,2023-02-03 19:00:00,False,False,False,25,0.88,False,False,False,0
CUST0812,True,2023-02-03 20:00:00,False,False,False,7,0.53,False,False,False,0
CUST0813,False,2023-02-03 21:00:00,True,True,False,5,0.74,True,False,False,1
CUST0814,False,2023-02-03 22:00:00,True,False,False,15,0.45,True,True,False,2
CUST0815,True,2023-02-03 23:00:00,False,False,False,23,0.33,False,False,False,0
CUST0816,True,2023-02-04 00:00:00,False,True,False,47,0.41,False,False,False,0
CUST0817,True,2023-02-04 01:00:00,False,True,False,38,0.81,False,False,False,0
CUST0818,True,2023-02-04 02:00:00,False,True,False,29,0.66,False,False,False,0
CUST0819,True,2023-02-04 03:00:00,False,True,False,44,0.94,False,False,False,0
CUST0820,True,2023-02-04 04:00:00,False,False,False,12,0.71,False,False,False,0
CUST0821,True,2023-02-04 05:00:00,True,True,False,4,0.61,False,False,False,0
CUST0822,True,2023-02-04 06:00:00,False,False,False,24,0.65,False,False,False,0
CUST0823,True,2023-02-04 07:00:00,False,True,False,19,0.95,False,False,False,0
CUST0824,True,2023-02-04 08:00:00,False,True,False,53,0.81,False,False,False,0
CUST0825,False,2023-02-04 09:00:00,False,False,True,17,0.12,True,False,True,2
CUST0826,True,2023-02-04 10:00:00,True,False,False,46,0.58,False,True,False,1
CUST0827,True,2023-02-04 11:00:00,False,True,False,17,0.72,False,False,False,0
CUST0828,True,2023-02-04 12:00:00,False,True,False,1,0.77,False,False,False,0
CUST0829,True,2023-02-04 13:00:00,False,True,False,9,0.29,False,False,False,0
CUST0830,True,2023-02-04 14:00:00,False,True,False,54,0.88,False,False,False,0
CUST0831,True,2023-02-04 15:00:00,False,False,False,44,0.96,False,False,False,0
CUST0832,True,2023-02-04 16:00:00,False,True,False,49,0.31,False,False,False,0
CUST0833,True,2023-02-04 17:00:00,False,True,False,46,0.89,False,False,False,0
CUST0834,True,2023-02-04 18:00:00,False,True,False,11,0.19,False,False,False,0
CUST0835,True,2023-02-04 19:00:00,False,False,False,46,0.15,False,False,False,0
CUST0836,False,2023-02-04 20:00:00,True,False,False,12,0.22,True,True,False,2
CUST0837,True,2023-02-04 21:00:00,False,True,False,49,0.15,False,False,False,0
CUST0838,True,2023-02-04 22:00:00,False,False,False,46,0.86,False,False,False,0
CUST0839,True,2023-02-04 23:00:00,False,True,False,56,0.15,False,False,False,0
CUST0840,True,2023-02-05 00:00:00,False,True,False,54,0.34,False,False,False,0
CUST0841,True,2023-02-05 01:00:00,False,False,True,10,0.19,False,False,True,1
CUST0842,True,2023-02-05 02:00:00,False,False,False,18,0.37,False,False,False,0
CUST0843,False,2023-02-05 03:00:00,False,False,False,34,0.18,True,False,False,1
CUST0844,True,2023-02-05 04:00:00,False,False,False,38,0.7,False,False,False,0
CUST0845,True,2023-02-05 05:00:00,False,True,False,52,0.22,False,False,False,0
CUST0846,True,2023-02-05 06:00:00,True,False,False,25,0.87,False,True,False,1
CUST0847,False,2023-02-05 07:00:00,True,True,False,45,0.84,True,False,False,1
CUST0848,True,2023-02-05 08:00:00,False,False,False,13,0.11,False,False,False,0
CUST0849,True,2023-02-05 09:00:00,False,True,True,53,0.91,False,False,True,1
CUST0850,True,2023-02-05 10:00:00,False,False,False,44,0.13,False,False,False,0
CUST0851,True,2023-02-05 11:00:00,False,True,False,43,0.32,False,False,False,0
CUST0852,True,2023-02-05 12:00:00,False,True,False,23,0.13,False,False,False,0
CUST0853,False,2023-02-05 13:00:00,False,False,False,40,0.4,True,False,False,1
CUST0854,True,2023-02-05 14:00:00,False,True,False,0,0.56,False,False,False,0
CUST0855,True,2023-02-05 15:00:00,False,False,True,50,0.82,False,False,True,1
CUST0856,True,2023-02-05 16:00:00,False,True,False,42,0.4,False,False,False,0
CUST0857,True,2023-02-05 17:00:00,False,True,False,54,0.73,False,False,False,0
CUST0858,True,2023-02-05 18:00:00,False,True,False,21,0.27,False,False,False,0
CUST0859,True,2023-02-05 19:00:00,False,True,False,22,0.78,False,False,False,0
CUST0860,True,2023-02-05 20:00:00,False,False,False,55,0.31,False,False,False,0
CUST0861,True,2023-02-05 21:00:00,False,True,False,53,0.23,False,False,False,0
CUST0862,True,2023-02-05 22:00:00,True,False,False,18,0.27,False,True,False,1
CUST0863,True,2023-02-05 23:00:00,False,False,False,17,0.26,False,False,False,0
CUST0864,True,2023-02-06 00:00:00,False,True,False,11,0.56,False,False,False,0
CUST0865,True,2023-02-06 01:00:00,False,False,False,54,0.86,False,False,False,0
CUST0866,True,2023-02-06 02:00:00,True,False,False,27,0.17,False,True,False,1
CUST0867,True,2023-02-06 03:00:00,True,False,False,27,0.74,False,True,False,1
CUST0868,False,2023-02-06 04:00:00,True,True,False,59,0.69,True,False,False,1
CUST0869,False,2023-02-06 05:00:00,False,True,True,58,0.89,True,False,True,2
CUST0870,True,2023-02-06 06:00:00,False,False,False,32,0.32,False,False,False,0
CUST0871,True,2023-02-06 07:00:00,False,False,False,18,0.51,False,False,False,0
CUST0872,True,2023-02-06 08:00:00,False,False,False,27,0.93,False,False,False,0
CUST0873,True,2023-02-06 09:00:00,False,True,False,58,0.69,False,False,False,0
CUST0874,True,2023-02-06 10:00:00,False,False,True,51,0.45,False,False,True,1
CUST0875,True,2023-02-06 11:00:00,False,True,False,48,0.22,False,False,False,0
CUST0876,True,2023-02-06 12:00:00,False,True,False,36,0.34,False,False,False,0
CUST0877,True,2023-02-06 13:00:00,False,True,False,25,0.62,False,False,False,0
CUST0878,True,2023-02-06 14:00:00,False,False,False,34,0.75,False,False,False,0
CUST0879,True,2023-02-06 15:00:00,False,True,False,33,0.21,False,False,False,0
CUST0880,True,2023-02-06 16:00:00,False,True,False,34,0.64,False,False,False,0
CUST0881,True,2023-02-06 17:00:00,False,False,False,39,0.6,False,False,False,0
CUST0882,True,2023-02-06 18:00:00,False,True,False,15,0.56,False,False,False,0
CUST0883,True,2023-02-06 19:00:00,False,True,False,37,0.72,False,False,False,0
CUST0884,True,2023-02-06 20:00:00,True,True,False,12,0.85,False,False,False,0
CUST0885,True,2023-02-06 21:00:00,False,False,False,22,0.39,False,False,False,0
CUST0886,True,2023-02-06 22:00:00,True,False,False,59,0.9,False,True,False,1
CUST0887,True,2023-02-06 23:00:00,False,True,False,53,0.24,False,False,False,0
CUST0888,True,2023-02-07 00:00:00,False,False,False,21,0.26,False,False,False,0
CUST0889,True,2023-02-07 01:00:00,False,False,False,15,0.34,False,False,False,0
CUST0890,True,2023-02-07 02:00:00,True,True,False,27,0.21,False,False,False,0
CUST0891,False,2023-02-07 03:00:00,False,False,False,47,0.31,True,False,False,1
CUST0892,True,2023-02-07 04:00:00,False,False,False,34,0.2,False,False,False,0
CUST0893,True,2023-02-07 05:00:00,False,False,False,59,0.84,False,False,False,0
CUST0894,True,2023-02-07 06:00:00,False,True,False,44,0.23,False,False,False,0
CUST0895,True,2023-02-07 07:00:00,False,False,False,45,0.77,False,False,False,0
CUST0896,True,2023-02-07 08:00:00,False,False,False,7,0.14,False,False,False,0
CUST0897,False,2023-02-07 09:00:00,True,True,False,43,0.95,True,False,False,1
CUST0898,True,2023-02-07 10:00:00,False,True,False,54,0.74,False,False,False,0
CUST0899,True,2023-02-07 11:00:00,False,True,False,54,0.11,False,False,False,0
CUST0900,True,2023-02-07 12:00:00,False,True,False,21,0.79,False,False,False,0
CUST0901,True,2023-02-07 13:00:00,True,False,False,20,0.56,False,True,False,1
CUST0902,True,2023-02-07 14:00:00,False,True,False,25,0.8,False,False,False,0
CUST0903,True,2023-02-07 15:00:00,True,True,False,39,0.57,False,False,False,0
CUST0904,True,2023-02-07 16:00:00,False,False,False,20,0.68,False,False,False,0
CUST0905,False,2023-02-07 17:00:00,False,True,False,24,0.81,True,False,False,1
CUST0906,True,2023-02-07 18:00:00,False,False,False,40,0.46,False,False,False,0
CUST0907,True,2023-02-07 19:00:00,False,True,False,0,0.1,False,False,False,0
CUST0908,True,2023-02-07 20:00:00,False,True,False,5,0.86,False,False,False,0
CUST0909,True,2023-02-07 21:00:00,True,True,False,22,0.44,False,False,False,0
CUST0910,True,2023-02-07 22:00:00,False,True,True,50,0.55,False,False,True,1
CUST0911,True,2023-02-07 23:00:00,False,True,False,22,0.11,False,False,False,0
CUST0912,True,2023-02-08 00:00:00,False,False,True,42,0.54,False,False,True,1
CUST0913,True,2023-02-08 01:00:00,False,False,False,42,0.99,False,False,False,0
CUST0914,True,2023-02-08 02:00:00,False,True,False,22,0.35,False,False,False,0
CUST0915,True,2023-02-08 03:00:00,False,False,False,31,0.46,False,False,False,0
CUST0916,True,2023-02-08 04:00:00,False,False,False,29,0.72,False,False,False,0
CUST0917,False,2023-02-08 05:00:00,False,False,False,12,0.83,True,False,False,1
CUST0918,True,2023-02-08 06:00:00,False,True,False,42,0.48,False,False,False,0
CUST0919,True,2023-02-08 07:00:00,False,True,False,17,0.38,False,False,False,0
CUST0920,False,2023-02-08 08:00:00,False,True,False,22,0.94,True,False,False,1
CUST0921,True,2023-02-08 09:00:00,True,False,False,14,0.71,False,True,False,1
CUST0922,False,2023-02-08 10:00:00,False,False,False,32,0.21,True,False,False,1
CUST0923,True,2023-02-08 11:00:00,False,True,False,20,0.16,False,False,False,0
CUST0924,True,2023-02-08 12:00:00,False,True,False,56,0.54,False,False,False,0
CUST0925,True,2023-02-08 13:00:00,True,False,True,38,0.3,False,True,True,2
CUST0926,True,2023-02-08 14:00:00,False,False,False,22,0.33,False,False,False,0
CUST0927,True,2023-02-08 15:00:00,False,False,False,26,0.89,False,False,False,0
CUST0928,True,2023-02-08 16:00:00,False,False,False,44,0.18,False,False,False,0
CUST0929,True,2023-02-08 17:00:00,True,True,False,43,0.74,False,False,False,0
CUST0930,True,2023-02-08 18:00:00,False,False,False,17,0.34,False,False,False,0
CUST0931,True,2023-02-08 19:00:00,False,False,False,23,0.78,False,False,False,0
CUST0932,False,2023-02-08 20:00:00,False,True,False,50,0.75,True,False,False,1
CUST0933,True,2023-02-08 21:00:00,False,False,False,46,0.11,False,False,False,0
CUST0934,True,2023-02-08 22:00:00,False,False,False,39,0.56,False,False,False,0
CUST0935,True,2023-02-08 23:00:00,False,True,False,50,0.23,False,False,False,0
CUST0936,True,2023-02-09 00:00:00,False,False,False,41,0.88,False,False,False,0
CUST0937,False,2023-02-09 01:00:00,False,False,False,6,0.88,True,False,False,1
CUST0938,True,2023-02-09 02:00:00,False,False,False,49,0.48,False,False,False,0
CUST0939,True,2023-02-09 03:00:00,True,True,False,47,0.5,False,False,False,0
CUST0940,True,2023-02-09 04:00:00,True,True,False,19,0.37,False,False,False,0
CUST0941,True,2023-02-09 05:00:00,False,False,False,26,0.74,False,False,False,0
CUST0942,True,2023-02-09 06:00:00,False,True,True,5,0.42,False,False,True,1
CUST0943,True,2023-02-09 07:00:00,False,False,False,26,0.34,False,False,False,0
CUST0944,True,2023-02-09 08:00:00,False,False,False,8,0.49,False,False,False,0
CUST0945,True,2023-02-09 09:00:00,False,True,True,52,0.18,False,False,True,1
CUST0946,True,2023-02-09 10:00:00,False,False,False,44,0.77,False,False,False,0
CUST0947,False,2023-02-09 11:00:00,True,False,False,56,0.11,True,True,False,2
CUST0948,False,2023-02-09 12:00:00,False,True,False,30,0.68,True,False,False,1
CUST0949,True,2023-02-09 13:00:00,False,False,False,20,0.26,False,False,False,0
CUST0950,True,2023-02-09 14:00:00,True,False,True,25,0.31,False,True,True,2
CUST0951,True,2023-02-09 15:00:00,False,False,False,39,0.67,False,False,False,0
CUST0952,True,2023-02-09 16:00:00,False,False,False,47,0.99,False,False,False,0
CUST0953,False,2023-02-09 17:00:00,False,True,False,44,0.8,True,False,False,1
CUST0954,True,2023-02-09 18:00:00,False,False,False,12,0.3,False,False,False,0
CUST0955,True,2023-02-09 19:00:00,False,False,False,48,0.26,False,False,False,0
CUST0956,True,2023-02-09 20:00:00,False,False,False,22,0.88,False,False,False,0
CUST0957,True,2023-02-09 21:00:00,False,False,False,19,0.5,False,False,False,0
CUST0958,True,2023-02-09 22:00:00,False,True,True,36,0.22,False,False,True,1
CUST0959,True,2023-02-09 23:00:00,False,False,True,53,0.88,False,False,True,1
CUST0960,True,2023-02-10 00:00:00,True,True,False,52,0.83,False,False,False,0
CUST0961,True,2023-02-10 01:00:00,False,True,False,27,0.99,False,False,False,0
CUST0962,True,2023-02-10 02:00:00,False,True,True,16,0.92,False,False,True,1
CUST0963,True,2023-02-10 03:00:00,False,False,False,27,0.87,False,False,False,0
CUST0964,True,2023-02-10 04:00:00,False,False,True,40,0.15,False,False,True,1
CUST0965,True,2023-02-10 05:00:00,False,False,False,1,0.19,False,False,False,0
CUST0966,True,2023-02-10 06:00:00,True,False,False,24,0.61,False,True,False,1
CUST0967,True,2023-02-10 07:00:00,False,False,True,57,0.58,False,False,True,1
CUST0968,True,2023-02-10 08:00:00,False,False,False,49,0.51,False,False,False,0
CUST0969,True,2023-02-10 09:00:00,True,True,False,40,0.46,False,False,False,0
CUST0970,True,2023-02-10 10:00:00,True,True,False,5,0.49,False,False,False,0
CUST0971,False,2023-02-10 11:00:00,False,True,False,10,0.61,True,False,False,1
CUST0972,True,2023-02-10 12:00:00,False,False,False,56,0.1,False,False,False,0
CUST0973,True,2023-02-10 13:00:00,False,False,False,37,0.33,False,False,False,0
CUST0974,True,2023-02-10 14:00:00,False,True,False,5,0.57,False,False,False,0
CUST0975,True,2023-02-10 15:00:00,False,True,False,44,0.75,False,False,False,0
CUST0976,True,2023-02-10 16:00:00,False,False,False,10,0.26,False,False,False,0
CUST0977,True,2023-02-10 17:00:00,False,True,False,13,0.59,False,False,False,0
CUST0978,True,2023-02-10 18:00:00,False,False,True,1,0.74,False,False,False,0
CUST0979,True,2023-02-10 19:00:00,False,False,False,39,0.5,False,False,False,0
CUST0980,True,2023-02-10 20:00:00,True,True,False,2,0.12,False,False,False,0
CUST0981,True,2023-02-10 21:00:00,False,True,False,54,0.5,False,False,False,0
CUST0982,True,2023-02-10 22:00:00,False,False,False,52,0.37,False,False,False,0
CUST0983,True,2023-02-10 23:00:00,False,False,False,34,0.94,False,False,False,0
CUST0984,True,2023-02-11 00:00:00,True,False,False,32,0.21,False,True,False,1
CUST0985,True,2023-02-11 01:00:00,True,False,False,23,0.69,False,True,False,1
CUST0986,True,2023-02-11 02:00:00,False,True,True,18,0.15,False,False,True,1
CUST0987,True,2023-02-11 03:00:00,False,False,False,17,0.5,False,False,False,0
CUST0988,True,2023-02-11 04:00:00,False,False,False,48,0.6,False,False,False,0
CUST0989,True,2023-02-11 05:00:00,False,False,False,51,0.37,False,False,False,0
CUST0990,True,2023-02-11 06:00:00,False,True,True,23,0.51,False,False,True,1
CUST0991,True,2023-02-11 07:00:00,True,False,False,44,0.25,False,True,False,1
CUST0992,True,2023-02-11 08:00:00,False,False,False,34,0.37,False,False,False,0
CUST0993,True,2023-02-11 09:00:00,True,True,True,0,0.66,False,False,False,0
CUST0994,True,2023-02-11 10:00:00,False,True,False,35,0.37,False,False,False,0
CUST0995,True,2023-02-11 11:00:00,False,False,False,24,0.91,False,False,False,0
CUST0996,False,2023-02-11 12:00:00,False,True,False,44,0.67,True,False,False,1
CUST0997,True,2023-02-11 13:00:00,True,True,False,48,0.49,False,False,False,0
CUST0998,False,2023-02-11 14:00:00,True,True,False,59,0.13,True,False,False,1
CUST0999,True,2023-02-11 15:00:00,False,False,False,42,0.55,False,False,False,0
